Id,Label,timeset,Eccentricity,closnesscentrality,harmonicclosnesscentrality,betweenesscentrality
김C,김C,,3,0.545455,0.638889,1.5
달총,달총,,6,0.27619,0.322414,0
순순희(SOONSOONHEE),순순희(SOONSOONHEE),,1,1,1,3
BLANCC,BLANCC,,2,0.571429,0.625,0
런치,런치,,5,0.351852,0.431579,3.75
보라미유(BORAMIYU),보라미유(BORAMIYU),,3,0.392857,0.439394,0
박종득,박종득,,6,0.291139,0.352899,0
유현진,유현진,,2,0.6,0.666667,0
SweetPumpkin,SweetPumpkin,,4,0.34375,0.409091,0
고범준,고범준,,2,0.666667,0.75,6.5
Egg2,Egg2,,2,0.545455,0.583333,0
J.Litz,J.Litz,,5,0.339286,0.396491,0
StandingEgg,StandingEgg,,2,0.545455,0.583333,0
추대관,추대관,,8,0.252174,0.310386,0
이아일,이아일,,4,0.353846,0.40942,0
10CM(십센치),10CM(십센치),,3,0.534884,0.695652,211
윤딴딴,윤딴딴,,2,0.571429,0.625,0
#안녕,#안녕,,3,0.631579,0.763889,47
조영수,조영수,,2,0.6,0.666667,0
김선민,김선민,,2,0.666667,0.75,0
이날치(LEENALCHI),이날치(LEENALCHI),,1,1,1,0
VIP,VIP,,1,1,1,0
강화성,강화성,,2,0.6,0.666667,0
오왠(O.WHEN),오왠(O.WHEN),,5,0.403509,0.557246,133
Sukiee,Sukiee,,2,0.666667,0.75,0
Egg1,Egg1,,2,0.545455,0.583333,0
이현정,이현정,,2,0.545455,0.583333,0
혁오(HYUKOH),혁오(HYUKOH),,1,1,1,3
Noise_bo2,Noise_bo2,,4,0.4,0.458333,0
뜨거운감자(HotPotato),뜨거운감자(HotPotato),,3,0.428571,0.5,0
김지용,김지용,,6,0.291139,0.352899,0
리트너,리트너,,4,0.461538,0.534722,6
ASHLEYALISHA,ASHLEYALISHA,,2,0.545455,0.583333,0
김도형,김도형,,3,0.5,0.530303,0
김홍준,김홍준,,7,0.263889,0.331203,0
적재,적재,,8,0.252174,0.310386,0
nineoff,nineoff,,2,0.571429,0.625,0
낯선아이,낯선아이,,4,0.4,0.479167,0
Vovo,Vovo,,3,0.5,0.530303,0
권혁호,권혁호,,6,0.291139,0.352899,0
덕인,덕인,,8,0.228346,0.268432,0
2soo,2soo,,3,0.5,0.583333,0
이승윤,이승윤,,2,0.666667,0.75,0
성수용,성수용,,4,0.353846,0.40942,0
이날치,이날치,,1,1,1,0
김민규,김민규,,3,0.5,0.530303,0
제인스,제인스,,2,0.6,0.666667,0
임정규,임정규,,2,0.6,0.666667,33
문문,문문,,2,0.666667,0.75,0
또라이박,또라이박,,4,0.366667,0.431818,0
임재현(LimJaeHyun),임재현(LimJaeHyun),,2,0.8,0.875,3.5
Ye-Yo,Ye-Yo,,2,0.6,0.666667,0
고요,고요,,1,1,1,0
정준일(JungJoonIl),정준일(JungJoonIl),,1,1,1,3
Noheul,Noheul,,2,0.611111,0.681818,39
최준영,최준영,,7,0.279412,0.379449,3.333333
에피톤프로젝트(EpitoneProject),에피톤프로젝트(EpitoneProject),,1,1,1,0
안녕하신가영(HelloGa-young),안녕하신가영(HelloGa-young),,3,0.5,0.621212,27
하은(포맨),하은(포맨),,1,1,1,0
휘현(HWIHYUN),휘현(HWIHYUN),,1,1,1,1
줍에이(JoobA),줍에이(JoobA),,1,1,1,6
CHEEZE,CHEEZE,,6,0.27619,0.322414,0
윤토벤,윤토벤,,8,0.221374,0.303243,16.666667
경제환,경제환,,1,1,1,0
사이,사이,,2,0.545455,0.583333,0
숀(SHAUN),숀(SHAUN),,7,0.202128,0.257268,0
T.PRETRO(타디스프로젝트舊),T.PRETRO(타디스프로젝트舊),,3,0.428571,0.527778,5
정준일,정준일,,2,0.6,0.666667,0
송호일,송호일,,2,0.545455,0.583333,0
죠지,죠지,,6,0.232323,0.280435,0
LAGOON,LAGOON,,2,0.666667,0.75,1
정수민,정수민,,4,0.4,0.458333,0
윤결,윤결,,3,0.5,0.530303,0
스트레이,스트레이,,2,0.6,0.666667,0
매드클라운,매드클라운,,2,0.6,0.666667,0
밤그늘,밤그늘,,2,0.571429,0.625,0
주시크(Joosiq),주시크(Joosiq),,6,0.327586,0.424561,12.666667
최상언,최상언,,7,0.263889,0.331203,0
검정치마,검정치마,,1,1,1,0
학선,학선,,3,0.428571,0.527778,5
오왠,오왠,,6,0.291139,0.352899,0
김기태,김기태,,2,0.6,0.666667,0
DOKO,DOKO,,6,0.39726,0.504023,231.5
두번째별,두번째별,,4,0.4,0.458333,0
권박사,권박사,,3,0.5,0.530303,0
L.NDN,L.NDN,,2,0.6,0.666667,0
데이먼스이어,데이먼스이어,,2,0.6,0.666667,0
박지환,박지환,,8,0.221374,0.303243,16.666667
가가멜,가가멜,,2,0.571429,0.625,0
NikoBlank,NikoBlank,,2,0.545455,0.583333,0
문성욱(MoonSeongWook),문성욱(MoonSeongWook),,3,0.571429,0.708333,0.5
김영철,김영철,,2,0.666667,0.75,0
잔나비,잔나비,,3,0.5,0.530303,0
노틸러스(nautilus),노틸러스(nautilus),,7,0.271028,0.388834,144.5
박문치,박문치,,4,0.389831,0.460145,60
한국인,한국인,,4,0.353846,0.40942,0
멜로망스(MeloMance),멜로망스(MeloMance),,2,0.75,0.833333,10
손박사,손박사,,6,0.318681,0.387356,154
스무살(20YEARSOFAGE),스무살(20YEARSOFAGE),,3,0.470588,0.604167,13
뎁트,뎁트,,2,0.545455,0.583333,0
스탠딩에그(StandingEgg),스탠딩에그(StandingEgg),,1,1,1,15
적재(Jukjae),적재(Jukjae),,7,0.333333,0.463547,153
줍에이,줍에이,,2,0.571429,0.625,0
B.a.B,B.a.B,,10,0.160221,0.220183,0
우디,우디,,2,0.545455,0.583333,0
이래언,이래언,,2,0.6,0.666667,0
어쿠루브(Acourve),어쿠루브(Acourve),,3,0.55,0.681818,34
구름,구름,,6,0.27619,0.322414,0
HONEST,HONEST,,2,0.571429,0.625,0
마크툽(MAKTUB),마크툽(MAKTUB),,7,0.318681,0.435961,127.5
에이치코드(H:CODE),에이치코드(H:CODE),,1,1,1,3
김동휘,김동휘,,2,0.545455,0.583333,0
GodieWatch,GodieWatch,,2,0.545455,0.583333,0
검정치마(TheBlackSkirts),검정치마(TheBlackSkirts),,1,1,1,0
오동준,오동준,,2,0.545455,0.583333,0
고요(GOYO),고요(GOYO),,1,1,1,0
빌리어코스티,빌리어코스티,,6,0.291139,0.352899,0
오반,오반,,5,0.351852,0.431579,3.75
마크툽,마크툽,,8,0.247863,0.32188,13.5
SCORE,SCORE,,8,0.252174,0.310386,0
오반(OVAN),오반(OVAN),,4,0.5,0.644737,127.833333
한희준,한희준,,2,0.6,0.666667,0
오혁,오혁,,2,0.6,0.666667,0
정지찬,정지찬,,2,0.55,0.590909,10
문문(MoonMoon),문문(MoonMoon),,1,1,1,1
CHEEZE(치즈),CHEEZE(치즈),,5,0.376623,0.482184,228
스트레이(TheStray),스트레이(TheStray),,1,1,1,3
안성현,안성현,,5,0.431818,0.519298,66.666667
박기훈,박기훈,,4,0.353846,0.40942,0
에이브,에이브,,4,0.366667,0.431818,0
O.YEON,O.YEON,,8,0.221374,0.303243,16.666667
장경준,장경준,,3,0.5,0.530303,0
결,결,,1,1,1,0
바닐라맨,바닐라맨,,2,0.571429,0.625,15
이윤혁,이윤혁,,4,0.353846,0.40942,0
매드클라운(MadClown),매드클라운(MadClown),,1,1,1,3
로키드(Lokid),로키드(Lokid),,1,1,1,1
주시크,주시크,,5,0.365385,0.444737,10
혁오,혁오,,2,0.6,0.666667,0
더필름,더필름,,4,0.315789,0.375,0
Naiv,Naiv,,2,0.6,0.666667,0
KyumLYK,KyumLYK,,2,0.571429,0.625,0
전태원,전태원,,10,0.175758,0.220005,0
프리든,프리든,,2,0.571429,0.625,0
안예은,안예은,,1,1,1,0
정효빈(JeongHyoBean),정효빈(JeongHyoBean),,6,0.351852,0.494737,55.5
김기림,김기림,,6,0.291139,0.352899,0
PL(피엘),PL(피엘),,1,1,1,6
양정승,양정승,,2,0.666667,0.75,0
잠골버스(잠자는골방의버스커들),잠골버스(잠자는골방의버스커들),,1,1,1,0
에피톤프로젝트,에피톤프로젝트,,1,1,1,0
CSP,CSP,,5,0.351852,0.431579,3.75
BAEKLYK,BAEKLYK,,2,0.571429,0.625,0
로브,로브,,2,0.545455,0.583333,0
EggPlant,EggPlant,,1,1,1,0
고석영,고석영,,8,0.214815,0.271634,0
빅가이로빈,빅가이로빈,,7,0.263889,0.331203,0
10CM,10CM,,4,0.353846,0.40942,0
탑현(Tophyun),탑현(Tophyun),,7,0.292929,0.358374,3
이치원,이치원,,4,0.366667,0.431818,0
스무살,스무살,,4,0.333333,0.416667,0
NODAY,NODAY,,4,0.353846,0.40942,0
이승표,이승표,,2,0.6,0.666667,0
데이먼스이어(Damonsyear),데이먼스이어(Damonsyear),,1,1,1,3
뎁트(Dept),뎁트(Dept),,1,1,1,15
황종하,황종하,,4,0.4,0.479167,0
오안,오안,,4,0.353846,0.40942,0
멜로망스,멜로망스,,3,0.461538,0.527778,0
에이치코드,에이치코드,,2,0.6,0.666667,0
하현상,하현상,,2,0.6,0.666667,0
정일호,정일호,,1,1,1,0
카더가든,카더가든,,2,0.6,0.666667,0
똘아이박,똘아이박,,4,0.34375,0.409091,0
박민지,박민지,,8,0.243697,0.298892,0
권디엘,권디엘,,2,0.545455,0.583333,0
공기남(Airman),공기남(Airman),,1,1,1,0
818,818,,4,0.333333,0.416667,0
정동환,정동환,,3,0.461538,0.527778,0
Megatone,Megatone,,8,0.261261,0.341995,54
김혜광,김혜광,,4,0.4,0.458333,0
어깨깡패,어깨깡패,,6,0.291139,0.352899,0
윤딴딴(YUNDDanDdan),윤딴딴(YUNDDanDdan),,1,1,1,6
죠지(george),죠지(george),,5,0.298701,0.383333,43
이라온(LEERAON),이라온(LEERAON),,9,0.202797,0.268404,0.5
마틴스미스(MartinSmith),마틴스미스(MartinSmith),,9,0.211679,0.27957,28
basecamp,basecamp,,6,0.232323,0.280435,0
TripleSynergy,TripleSynergy,,8,0.243697,0.298892,0
강봄,강봄,,2,0.666667,0.75,0
볼빨간사춘기(BOL4),볼빨간사춘기(BOL4),,3,0.615385,0.770833,22
권영찬,권영찬,,2,0.6,0.666667,0
고닥,고닥,,4,0.366667,0.431818,0
이요한,이요한,,4,0.469388,0.514493,120
유영현,유영현,,3,0.5,0.530303,0
전준,전준,,2,0.6,0.666667,0
안지영,안지영,,4,0.4,0.479167,0
공기남,공기남,,1,1,1,0
원모어찬스(onemorechance),원모어찬스(onemorechance),,3,0.366667,0.409091,0
최현석,최현석,,4,0.315789,0.409722,0
숀,숀,,6,0.25,0.334211,18
김지수,김지수,,4,0.4,0.479167,0
정동원(JeongDongWon),정동원(JeongDongWon),,3,0.444444,0.541667,13
방인재,방인재,,4,0.353846,0.40942,0
우디(Woody),우디(Woody),,1,1,1,15
센티멘탈시너리,센티멘탈시너리,,2,0.6,0.666667,0
잔나비(Jannabi),잔나비(Jannabi),,2,0.916667,0.954545,54
경제환(Jehwwn),경제환(Jehwwn),,1,1,1,0
Clam,Clam,,2,0.545455,0.583333,0
이종한,이종한,,2,0.666667,0.75,0
안예은(AHNYEEUN),안예은(AHNYEEUN),,1,1,1,0
결(KYUL),결(KYUL),,1,1,1,0
VAN.C,VAN.C,,5,0.351852,0.431579,3.75
사승호,사승호,,6,0.325843,0.410345,51.5
이라온,이라온,,8,0.247863,0.32188,13.5
KZ,KZ,,4,0.4,0.458333,0
장덕철(JANGDEOKCHEOL),장덕철(JANGDEOKCHEOL),,7,0.292929,0.358374,28
이승윤(LeeSeung-yoon),이승윤(LeeSeung-yoon),,1,1,1,1
문성욱,문성욱,,2,0.666667,0.75,1
윤토벤(YounToven),윤토벤(YounToven),,9,0.189542,0.30104,29.5
Egg3,Egg3,,2,0.545455,0.583333,0
델리스파이스(DeliSpice),델리스파이스(DeliSpice),,3,0.5,0.611111,1
이종혁,이종혁,,6,0.24359,0.299123,0
PL,PL,,2,0.571429,0.625,0
SonnyZero,SonnyZero,,2,0.545455,0.583333,0
바버렛츠(TheBarberettes),바버렛츠(TheBarberettes),,1,1,1,0
잔나비최정훈,잔나비최정훈,,3,0.5,0.530303,0
FineFive,FineFive,,4,0.353846,0.40942,0
피아노맨(PIANOMAN),피아노맨(PIANOMAN),,5,0.316667,0.414912,50
권브라더스,권브라더스,,2,0.6,0.666667,0
하현상(HAHYUNSANG),하현상(HAHYUNSANG),,1,1,1,3
피아노맨,피아노맨,,4,0.395833,0.464912,60
피터팬,피터팬,,4,0.34375,0.409091,0
권태훈,권태훈,,2,0.571429,0.625,0
스탠딩에그,스탠딩에그,,3,0.392857,0.439394,0
런치(LUNCH),런치(LUNCH),,6,0.287879,0.418421,3
