Id,Label,timeset,Eccentricity,closnesscentrality,harmonicclosnesscentrality,betweenesscentrality
moocean,moocean,,8,0.230935,0.258111,0
Mantra,Mantra,,8,0.203939,0.227971,0
빈첸(VINXEN),빈첸(VINXEN),,1,1,1,0
나플라(nafla),나플라(nafla),,7,0.220467,0.241782,639
황세현(h3hyeon),황세현(h3hyeon),,9,0.203422,0.242672,739.698471
Deanfluenza,Deanfluenza,,8,0.194075,0.211055,0
Louie,Louie,,8,0.195732,0.216429,0
서태지,서태지,,8,0.207364,0.22582,0
Baggie,Baggie,,10,0.175794,0.194232,10.292859
Stally,Stally,,8,0.225105,0.248839,112.921652
민켄,민켄,,2,0.75,0.833333,0.5
rubyboyyisthegenius,rubyboyyisthegenius,,8,0.203939,0.227971,0
제시(Jessi),제시(Jessi),,9,0.18301,0.221646,3516.014107
Chin(친),Chin(친),,9,0.164784,0.18176,79.25
Kidstone,Kidstone,,8,0.195732,0.216429,0
D-Hack,D-Hack,,10,0.16877,0.184832,138.696782
YoBoy,YoBoy,,8,0.19431,0.21357,0.166667
김승민(KimSeungmin),김승민(KimSeungmin),,9,0.20138,0.222277,227.940411
박재범(JayPark),박재범(JayPark),,7,0.276724,0.321822,2314.495893
유건형,유건형,,9,0.18406,0.212944,1121.517466
BE'O(비오),BE'O(비오),,7,0.255981,0.312951,4068.409788
린다G(LindaG),린다G(LindaG),,7,0.233624,0.266088,642.230111
리시,리시,,2,0.75,0.833333,0.5
DonMills,DonMills,,8,0.251567,0.285236,90.307168
Muddthestudent,Muddthestudent,,8,0.203422,0.223739,0
Lean$moke,Lean$moke,,8,0.195732,0.216429,0
ROCKITPRODUCTIONS,ROCKITPRODUCTIONS,,2,0.571429,0.625,0
Untell(언텔),Untell(언텔),,9,0.215726,0.241422,158
7Aurelius,7Aurelius,,1,1,1,0
래원(Layone),래원(Layone),,7,0.242814,0.281894,1422.333546
WoodieGochild(우디고차일드),WoodieGochild(우디고차일드),,7,0.22766,0.24951,7.034857
youngkimj,youngkimj,,10,0.169304,0.189197,0
JAMIE,JAMIE,,8,0.235337,0.264293,438.25849
DAX,DAX,,6,0.29235,0.358619,3869.66842
SMHOfSMGS,SMHOfSMGS,,8,0.206033,0.224548,0
Bobblehead,Bobblehead,,10,0.154773,0.172467,0
IOAH,IOAH,,8,0.225421,0.249937,0
sokodomo,sokodomo,,10,0.191527,0.210068,0
Chin,Chin,,8,0.196933,0.225516,1583
Choo(추),Choo(추),,9,0.202396,0.234364,223.064349
KidMilli,KidMilli,,8,0.225738,0.252974,1291.935528
BMTJ,BMTJ,,8,0.199132,0.216526,0
nomad,nomad,,2,0.555556,0.6,1.5
PandaGomm,PandaGomm,,8,0.207364,0.22582,0
JWay,JWay,,8,0.193373,0.21173,18.35054
MoonSujin,MoonSujin,,8,0.206564,0.224203,0
딥플로우(Deepflow),딥플로우(Deepflow),,7,0.225421,0.256334,83.324713
스카이민혁(Skyminhyuk),스카이민혁(Skyminhyuk),,9,0.229286,0.257983,41.448653
stevenc4stle,stevenc4stle,,2,0.666667,0.75,0
Esta,Esta,,8,0.194075,0.211055,0
BIBI,BIBI,,2,0.666667,0.75,0
릴러말즈(Leellamarz),릴러말즈(Leellamarz),,8,0.216307,0.245442,1341.257686
디핵(D-Hack),디핵(D-Hack),,10,0.159384,0.174922,331.15991
KETAMcCUE,KETAMcCUE,,8,0.194545,0.212465,0
Clayheart,Clayheart,,8,0.195493,0.213807,0
JAEHA,JAEHA,,8,0.208442,0.234153,187.522667
noisemasterminsu,noisemasterminsu,,6,0.262684,0.298546,1035.573024
KOONTA,KOONTA,,8,0.200625,0.216811,0
브라더수,브라더수,,8,0.194075,0.211055,0
로코,로코,,8,0.247304,0.282714,236.282612
김진표(JP),김진표(JP),,10,0.155674,0.172887,0.25
김효은(Keemhyoeun),김효은(Keemhyoeun),,8,0.199379,0.213666,0
저스디스(JUSTHIS),저스디스(JUSTHIS),,7,0.280105,0.330166,3914.966745
i,i,,3,0.5,0.533333,0
박현진(PARKHYEONJIN),박현진(PARKHYEONJIN),,7,0.221074,0.247738,89.945723
QUIZQUIZ,QUIZQUIZ,,10,0.156128,0.166972,0
Sik-K,Sik-K,,7,0.238839,0.266177,559.504611
AiRPLAY,AiRPLAY,,10,0.151415,0.165932,0
넉살(Nucksal),넉살(Nucksal),,7,0.249611,0.288852,234.923793
리쌍(LEESSANG),리쌍(LEESSANG),,9,0.178333,0.20012,1274
강서빈(YUNGCHENS),강서빈(YUNGCHENS),,9,0.189046,0.206584,12.927269
지코(ZICO),지코(ZICO),,1,1,1,1
싸이(PSY),싸이(PSY),,10,0.155977,0.177041,639.25
BonnieBramlett,BonnieBramlett,,10,0.151415,0.163158,0
Heondred,Heondred,,8,0.225105,0.248839,112.921652
DONNA,DONNA,,10,0.154773,0.172467,0
DAVII,DAVII,,8,0.194075,0.211055,0
Poptime,Poptime,,2,0.666667,0.75,0
pH-1(피에이치원),pH-1(피에이치원),,7,0.288151,0.337302,5034.161179
VerbalJint,VerbalJint,,2,0.75,0.833333,0.5
ASHISLAND,ASHISLAND,,8,0.248068,0.282747,1635.867104
THAMA,THAMA,,8,0.266611,0.304321,852.088938
똘아이박,똘아이박,,8,0.231268,0.260188,106
TouchtheSky,TouchtheSky,,8,0.192216,0.209728,0.25
이해리(다비치),이해리(다비치),,2,0.75,0.833333,0.5
Ontheroad,Ontheroad,,2,0.555556,0.6,1.5
Off,Off,,8,0.225421,0.249937,0
606gus,606gus,,10,0.183638,0.198159,0
송민영(KidM),송민영(KidM),,7,0.235683,0.260043,116.646073
BewhY,BewhY,,10,0.178333,0.199807,323
가오가이(kaogaii),가오가이(kaogaii),,9,0.215726,0.241422,158
박인영,박인영,,8,0.207364,0.22582,0
IMEANSEOUL,IMEANSEOUL,,8,0.248837,0.277552,69.345859
스윙스(Swings),스윙스(Swings),,7,0.244665,0.279054,292.682395
unofficialboyy(언오피셜보이),unofficialboyy(언오피셜보이),,7,0.239195,0.271191,222.875699
키드밀리(KidMilli),키드밀리(KidMilli),,7,0.240269,0.278156,392.890642
최지호,최지호,,2,0.75,0.833333,0.5
프리스타일(FreeStyle),프리스타일(FreeStyle),,1,1,1,0
ChillinHomie,ChillinHomie,,10,0.156128,0.166972,0
HANYOHAN,HANYOHAN,,8,0.225105,0.248839,112.921652
레이나(Raina),레이나(Raina),,3,0.47619,0.616667,3
안성현,안성현,,1,1,1,0
TREVOR,TREVOR,,8,0.214286,0.249696,83.010967
MINO,MINO,,8,0.215726,0.254888,1663.010967
J;KEY,J;KEY,,11,0.137532,0.146795,0
JayPark,JayPark,,7,0.267055,0.312854,2264.457772
LeeYoung-ji,LeeYoung-ji,,8,0.198393,0.221388,75.05343
에픽하이(EPIKHIGH),에픽하이(EPIKHIGH),,7,0.241353,0.279135,1736.957134
우원재(WooWonjae),우원재(WooWonjae),,7,0.236377,0.26252,0
HyukShin,HyukShin,,8,0.194075,0.211055,0
박준우,박준우,,8,0.226056,0.2613,106.741543
Acade,Acade,,2,0.666667,0.75,0
YerinBaek,YerinBaek,,8,0.223849,0.244407,0
이성경(Leesungkyung),이성경(Leesungkyung),,7,0.223849,0.248517,35.468894
27corazones,27corazones,,8,0.195732,0.216429,0
Kleine,Kleine,,8,0.206033,0.224548,0
아우릴고트(OUREALGOAT),아우릴고트(OUREALGOAT),,7,0.247304,0.27978,123.966949
Nucksal,Nucksal,,8,0.251567,0.285236,90.307168
GooseBumps,GooseBumps,,8,0.249224,0.279628,193.646781
지구인(Geegooin),지구인(Geegooin),,7,0.239195,0.271191,222.875699
GroovyRoom,GroovyRoom,,6,0.29235,0.340395,5517.682901
SanE(산이),SanE(산이),,2,0.909091,0.95,38
팔로알토(Paloalto),팔로알토(Paloalto),,7,0.242447,0.283764,879.43221
Noheul,Noheul,,8,0.231268,0.260188,106
GEMINI,GEMINI,,8,0.210907,0.230344,11.713709
플루마(PLUMA),플루마(PLUMA),,7,0.221074,0.247738,89.945723
antisocialkid,antisocialkid,,10,0.169483,0.191274,0.25
수퍼비(SUPERBEE),수퍼비(SUPERBEE),,9,0.164784,0.18176,79.25
코스믹사운드,코스믹사운드,,2,0.555556,0.6,1.5
PHILL,PHILL,,10,0.154773,0.172467,0
D.Ark(디아크),D.Ark(디아크),,9,0.212865,0.246296,2998.218238
DPRLIVE(디피알라이브),DPRLIVE(디피알라이브),,7,0.233285,0.264011,639
Theevoni,Theevoni,,10,0.169483,0.191274,0.25
GIRIBOY,GIRIBOY,,8,0.247685,0.284464,432.577131
허성현(Huh),허성현(Huh),,9,0.215726,0.241422,158
sogumm,sogumm,,8,0.195493,0.213807,0
이영지(LeeYoung-ji),이영지(LeeYoung-ji),,8,0.212865,0.239189,706.777783
devita,devita,,8,0.189492,0.205952,0
SanE,SanE,,2,0.555556,0.6,1.5
CHANGMO,CHANGMO,,8,0.232609,0.265246,2005.123717
KhundiPanda(쿤디판다),KhundiPanda(쿤디판다),,7,0.229943,0.254443,60.794011
365LIT(365릿),365LIT(365릿),,7,0.235683,0.260043,116.646073
Minit,Minit,,8,0.262255,0.288581,624.141594
0set,0set,,10,0.180337,0.193214,0
willy,willy,,8,0.203939,0.227971,0
에이체스(A-Chess),에이체스(A-Chess),,9,0.224476,0.251575,32.396936
조광일(GwangilJo),조광일(GwangilJo),,7,0.261401,0.299674,817.808061
DelaneyBramlett,DelaneyBramlett,,10,0.151415,0.163158,0
FLIP_00,FLIP_00,,8,0.248837,0.277552,69.345859
JUSTHIS,JUSTHIS,,6,0.281579,0.324299,3393.597646
염따(YUMDDA),염따(YUMDDA),,7,0.246166,0.284958,1644.622735
Perro,Perro,,8,0.203939,0.227971,0
한해(HANHAE),한해(HANHAE),,2,0.75,0.833333,0.5
B.I,B.I,,2,0.666667,0.75,0
Loco,Loco,,7,0.273891,0.314152,1019.704677
PATEKO,PATEKO,,9,0.189046,0.210111,555.84889
정인,정인,,8,0.200625,0.216811,0
김태훈,김태훈,,11,0.134987,0.14696,0
Tabber(태버),Tabber(태버),,7,0.247304,0.27978,123.966949
DK,DK,,8,0.194075,0.211055,0
Big$hot,Big$hot,,3,0.5,0.533333,0
CK,CK,,8,0.195732,0.216429,0
Jetti,Jetti,,8,0.223849,0.244407,0
원슈타인(Wonstein),원슈타인(Wonstein),,9,0.234993,0.272781,602.11945
DJ투컷,DJ투컷,,8,0.194545,0.212465,0
Catchup,Catchup,,8,0.207364,0.22582,0
TOIL(토일),TOIL(토일),,7,0.236726,0.266274,521.77078
WOOGIE,WOOGIE,,8,0.181767,0.201461,2
Muddthestudent(머드더스튜던트),Muddthestudent(머드더스튜던트),,7,0.255167,0.300504,1752.53055
SOLE,SOLE,,6,0.253555,0.295639,736.730116
창모(CHANGMO),창모(CHANGMO),,7,0.261401,0.303301,3119.353109
MC스나이퍼(MCSniper),MC스나이퍼(MCSniper),,1,1,1,1
BIGNaughty,BIGNaughty,,8,0.249611,0.279851,507.944774
Khakii(카키),Khakii(카키),,7,0.259709,0.298702,1137.407987
PATEKO(파테코),PATEKO(파테코),,9,0.202396,0.227791,756.80063
VENKO,VENKO,,8,0.19766,0.215046,0
obiegogle(오비고글),obiegogle(오비고글),,9,0.202396,0.234364,223.064349
DEREK,DEREK,,10,0.167887,0.181107,0.25
노윤하(RohYoonha),노윤하(RohYoonha),,7,0.24063,0.276903,443.832727
HuckleberryP,HuckleberryP,,8,0.225738,0.25774,96.089035
권세영,권세영,,10,0.171842,0.185692,0
송기홍,송기홍,,2,0.75,0.833333,0.5
BLOO,BLOO,,2,0.571429,0.625,0
BE'O,BE'O,,8,0.203939,0.227971,0
H4RDY,H4RDY,,8,0.19766,0.215046,0
SoundKim,SoundKim,,8,0.199132,0.216526,0
Illjun,Illjun,,10,0.151415,0.165932,0
루피(Loopy),루피(Loopy),,7,0.240269,0.278156,392.890642
RohYoonha,RohYoonha,,8,0.19431,0.21357,0.166667
SkinnyBrown,SkinnyBrown,,8,0.213715,0.237428,486.250527
LeonRussell,LeonRussell,,10,0.151415,0.163158,0
머쉬베놈(MUSHVENOM),머쉬베놈(MUSHVENOM),,7,0.254358,0.288414,3919.208588
lIlBOI,lIlBOI,,8,0.222299,0.250501,14.319663
개코(GAEKO),개코(GAEKO),,7,0.269748,0.313588,970.635588
DPRLIVE,DPRLIVE,,8,0.189269,0.205174,0
Smob,Smob,,9,0.177938,0.192328,0
B.I(비아이),B.I(비아이),,1,1,1,1
다이나믹듀오(Dynamicduo),다이나믹듀오(Dynamicduo),,9,0.216016,0.244797,384.057765
김유정(KimYoujung),김유정(KimYoujung),,9,0.213715,0.237933,43.091137
JumalofSMGS,JumalofSMGS,,8,0.200625,0.216811,0
먼치맨(MUNCHMAN),먼치맨(MUNCHMAN),,7,0.229943,0.254443,60.794011
Diggy,Diggy,,10,0.151415,0.165932,0
키드킹(KiddKing),키드킹(KiddKing),,7,0.22766,0.24951,7.034857
영준(YOUNGJUN),영준(YOUNGJUN),,2,0.75,0.833333,0.5
ganguk,ganguk,,8,0.221685,0.247645,0
WayChed,WayChed,,8,0.201633,0.224859,334.57326
로꼬(Loco),로꼬(Loco),,7,0.3,0.371488,8437.070173
Zbeatz,Zbeatz,,8,0.203939,0.227971,0
DAUL,DAUL,,9,0.175602,0.189402,0
ZZINSOO,ZZINSOO,,3,0.5,0.533333,0
Heize,Heize,,8,0.258454,0.294396,1101.729465
커즈디,커즈디,,10,0.154773,0.172467,0
Noden,Noden,,8,0.199132,0.216526,0
한요한(HANYOHAN),한요한(HANYOHAN),,9,0.219863,0.246523,903.056495
매드클라운(MadClown),매드클라운(MadClown),,2,0.75,0.833333,0.5
지오,지오,,1,1,1,0
BewhY(비와이),BewhY(비와이),,11,0.151415,0.163105,0
KidWine,KidWine,,10,0.169841,0.195427,3.944444
vibin,vibin,,8,0.225421,0.249937,0
MINO(송민호),MINO(송민호),,9,0.178333,0.205186,1274
GRAY(그레이),GRAY(그레이),,7,0.237778,0.266207,96.982554
BIGNaughty(서동현),BIGNaughty(서동현),,7,0.248452,0.287465,3107.926761
KOONTA(쿤타),KOONTA(쿤타),,7,0.250781,0.286285,1638.647478
LilBemo(김다현),LilBemo(김다현),,7,0.221074,0.247738,89.945723
로스(Los),로스(Los),,7,0.238484,0.27036,20.147174
FRANKIEONTHEGUITAR,FRANKIEONTHEGUITAR,,10,0.169483,0.191274,0.25
SINCE(신스),SINCE(신스),,7,0.269748,0.313588,970.635588
HashSwan(해쉬스완),HashSwan(해쉬스완),,8,0.199379,0.213666,0
D.Ark,D.Ark,,10,0.175794,0.194232,10.292859
안병웅(AhnByeongWoong),안병웅(AhnByeongWoong),,7,0.247304,0.27978,123.966949
헤이즈(Heize),헤이즈(Heize),,7,0.24063,0.278171,2598.768797
Primary,Primary,,8,0.208442,0.231015,30.059869
전병일,전병일,,10,0.154773,0.172467,0
김건우,김건우,,2,0.75,0.833333,0.5
PSY,PSY,,9,0.18406,0.212944,1121.517466
GRAY,GRAY,,6,0.309249,0.377414,6335.409637
윤미래,윤미래,,8,0.189492,0.205952,0
Slom,Slom,,8,0.287634,0.340402,3218.893163
강욱진,강욱진,,10,0.151415,0.165932,0
Colde,Colde,,8,0.230935,0.258111,0
TheKontrabandz,TheKontrabandz,,8,0.206564,0.224203,0
TouchtheSky(터치더스카이),TouchtheSky(터치더스카이),,7,0.237426,0.268751,172.20405
릴보이(lIlBOI),릴보이(lIlBOI),,7,0.284574,0.346195,5324.876259
유희열,유희열,,11,0.134987,0.14696,0
TheQuiett,TheQuiett,,10,0.169841,0.195427,3.944444
CODEKUNST,CODEKUNST,,6,0.30283,0.371599,9837.93881
Loopy,Loopy,,8,0.224476,0.248561,23.935528
피터팬,피터팬,,8,0.231268,0.260188,106
이찬혁,이찬혁,,8,0.203422,0.223739,0
UNEDUCATEDKID(언에듀케이티드키드),UNEDUCATEDKID(언에듀케이티드키드),,9,0.164784,0.18176,79.25
pH-1,pH-1,,8,0.262255,0.305874,1325.812553
Zion.T,Zion.T,,8,0.268844,0.316414,1581.41306
DeVita,DeVita,,6,0.252358,0.292004,460.70486
SIU,SIU,,3,0.5,0.533333,0
Cribs,Cribs,,2,0.571429,0.625,0
길,길,,10,0.151415,0.163158,0
PENOMECO,PENOMECO,,10,0.154773,0.172467,0
YoBoy(강요셉),YoBoy(강요셉),,7,0.24063,0.276903,443.832727
맥대디(Mckdaddy),맥대디(Mckdaddy),,7,0.233285,0.264011,22.497017
Northfacegawd(노스페이스갓),Northfacegawd(노스페이스갓),,9,0.22479,0.253652,352.396936
DPRCREAM,DPRCREAM,,8,0.189269,0.205174,0
KVHN,KVHN,,8,0.206033,0.224548,0
Hyeon,Hyeon,,8,0.248837,0.277552,69.345859
nafla,nafla,,8,0.180743,0.192038,0
Tablo,Tablo,,8,0.194545,0.212465,0
Vapo(허원혁),Vapo(허원혁),,7,0.237426,0.268751,172.20405
JohnJohn,JohnJohn,,10,0.154773,0.172467,0
GAEKO,GAEKO,,8,0.273891,0.330696,4141.898642
사이먼도미닉(SimonDominic),사이먼도미닉(SimonDominic),,7,0.253155,0.305311,1924.280002
Sean,Sean,,8,0.248837,0.277552,69.345859
KevinJacoutot,KevinJacoutot,,8,0.203939,0.227971,0
비비(BIBI),비비(BIBI),,1,1,1,1
이하이,이하이,,8,0.220165,0.243736,31.312557
아넌딜라이트(Anandelight),아넌딜라이트(Anandelight),,7,0.254762,0.29713,1010.846011
YUMDDA,YUMDDA,,8,0.252358,0.314223,5153.956749
MUSHVENOM,MUSHVENOM,,8,0.234307,0.257195,185.217235
Vangdale,Vangdale,,10,0.171842,0.185692,0
SOLE(쏠),SOLE(쏠),,7,0.238484,0.27036,20.147174
Baggie(배기),Baggie(배기),,9,0.189492,0.210738,175.509066
Chrli,Chrli,,8,0.252756,0.290168,214.48776
Leellamarz,Leellamarz,,8,0.215147,0.244537,289.118663
basecamp,basecamp,,8,0.229286,0.257825,377.671292
김효은,김효은,,8,0.225738,0.25774,96.089035
Wonstein,Wonstein,,8,0.248837,0.286241,2044.548705
Yosi,Yosi,,8,0.195493,0.213807,0
NERD,NERD,,2,0.571429,0.625,0
기리보이(GIRIBOY),기리보이(GIRIBOY),,7,0.290761,0.350593,5022.242661
RYUYOUNGMIN,RYUYOUNGMIN,,8,0.194545,0.212465,0
PEEJAY,PEEJAY,,8,0.215726,0.242998,1645.070016
AHWU,AHWU,,8,0.207364,0.225304,0
deemarc,deemarc,,8,0.195732,0.216429,0
D.Owner,D.Owner,,10,0.180337,0.193214,0
Deepflow,Deepflow,,8,0.225738,0.25774,96.089035
그루비룸(GroovyRoom),그루비룸(GroovyRoom),,7,0.245038,0.274077,488.782909
george,george,,8,0.230935,0.258111,0
rossgossage,rossgossage,,10,0.14191,0.158268,3
h3hyeon,h3hyeon,,10,0.169841,0.195427,3.944444
박종우,박종우,,10,0.190391,0.208251,0
MommySon,MommySon,,10,0.166667,0.178699,0
DellyBoi,DellyBoi,,8,0.194075,0.211055,0
SLO,SLO,,8,0.202908,0.218621,0
SkinnyBrown(스키니브라운),SkinnyBrown(스키니브라운),,9,0.20138,0.222277,227.940411
APRO,APRO,,8,0.240991,0.271662,1899.19482
MightyMike,MightyMike,,8,0.194545,0.212465,0
NoIdentity,NoIdentity,,8,0.203422,0.223739,0
DJco.kr,DJco.kr,,8,0.19766,0.215046,0
마미손(MommySon),마미손(MommySon),,9,0.199875,0.221333,639
Pick!,Pick!,,8,0.268844,0.323264,1574.748212
권한얼,권한얼,,10,0.166667,0.178699,0
KimSeungmin,KimSeungmin,,8,0.229286,0.257825,377.671292
홀리뱅(HolyBang),홀리뱅(HolyBang),,9,0.201887,0.221241,1.66369
HIPPO,HIPPO,,8,0.208171,0.223958,0
AVERZI,AVERZI,,9,0.175602,0.189402,0
블루(BLOO),블루(BLOO),,1,1,1,6
JAEHA(재하),JAEHA(재하),,9,0.20368,0.244749,1059.698471
HDBL4CK,HDBL4CK,,8,0.180743,0.192038,0
TOIL,TOIL,,7,0.271574,0.315969,5022.540411
Shyun,Shyun,,8,0.230273,0.263933,207.717742
MILLENNIUM,MILLENNIUM,,2,0.666667,0.75,0
PJNOTREBLE,PJNOTREBLE,,8,0.230273,0.263933,207.717742
Mokyo,Mokyo,,8,0.223849,0.244407,0
Coogie,Coogie,,8,0.210354,0.239416,330.781338
미란이(Mirani),미란이(Mirani),,7,0.26013,0.299288,1562.622799
dsel(디젤),dsel(디젤),,9,0.215726,0.241422,158
프라이머리(Primary),프라이머리(Primary),,9,0.215436,0.240643,32.611803
Konquest,Konquest,,8,0.221685,0.247645,0
유주(YUJU),유주(YUJU),,9,0.18838,0.207194,1.5
로코베리,로코베리,,8,0.231268,0.260188,26.363925
DeVita(드비타),DeVita(드비타),,7,0.238484,0.27036,20.147174
haventseenyou,haventseenyou,,8,0.225421,0.249937,0
UNEDUCATEDKID,UNEDUCATEDKID,,8,0.198393,0.21868,5.753785
황지상(HWANGJISANG),황지상(HWANGJISANG),,7,0.235683,0.260043,116.646073
ASHISLAND(애쉬아일랜드),ASHISLAND(애쉬아일랜드),,7,0.262684,0.297359,2216.535594
긱스(Geeks),긱스(Geeks),,1,1,1,0
베이식(Basick),베이식(Basick),,7,0.259289,0.301239,2611.006493
CK(씨케이),CK(씨케이),,9,0.164784,0.18176,79.25
DonMills(던밀스),DonMills(던밀스),,7,0.264415,0.316303,1572.867053
DJWegun(DJ웨건),DJWegun(DJ웨건),,9,0.215436,0.240643,2.110534
RAVI,RAVI,,10,0.156128,0.166972,0
MCSniper,MCSniper,,2,0.666667,0.75,0
베리,베리,,8,0.247304,0.282714,236.282612
KWAKZ,KWAKZ,,8,0.225738,0.252014,27.420496
ZICO,ZICO,,2,0.666667,0.75,0
BOYCOLD,BOYCOLD,,9,0.177938,0.192328,0
YLNForeign(이정운),YLNForeign(이정운),,7,0.221074,0.247738,89.945723
Jaero,Jaero,,10,0.154773,0.172467,0
SupremeTeam(슈프림팀),SupremeTeam(슈프림팀),,2,0.75,0.833333,0.5
bayb,bayb,,10,0.154773,0.172467,0
TheQuiett(더콰이엇),TheQuiett(더콰이엇),,7,0.225421,0.256334,83.324713
Cashbanger,Cashbanger,,7,0.248837,0.278482,1557.051541
sokodomo(소코도모),sokodomo(소코도모),,9,0.236726,0.276519,1571.016144
버벌진트(VerbalJint),버벌진트(VerbalJint),,2,0.75,0.833333,0.5
전홍준,전홍준,,3,0.5,0.533333,0
ChillinHomie(칠린호미),ChillinHomie(칠린호미),,9,0.229286,0.257983,41.448653
Jessi,Jessi,,8,0.208442,0.232588,2727.693999
Fisherman,Fisherman,,8,0.268395,0.306757,1276.442628
hoiwave,hoiwave,,8,0.199132,0.216526,0
FIFTYFIVE,FIFTYFIVE,,8,0.206033,0.235551,38.526086
쿠기(Coogie),쿠기(Coogie),,9,0.207364,0.233274,705.800341
Mirani,Mirani,,8,0.237075,0.262728,88.285464
TRADEL(트레이드엘),TRADEL(트레이드엘),,7,0.235683,0.263833,960.452506
라비(RAVI),라비(RAVI),,9,0.184908,0.204473,957
Paloalto,Paloalto,,8,0.24063,0.275426,371.8386
JBird,JBird,,8,0.194075,0.211055,0
Choiza,Choiza,,10,0.177741,0.192642,0
SimonDominic,SimonDominic,,8,0.252358,0.289753,571.84481
SPACEONE,SPACEONE,,10,0.154773,0.172467,0
호미들(Homies),호미들(Homies),,7,0.243182,0.287813,3957.293694
